id;name;slug;description;created_at;updated_at;active
1;yowza weep;sugary jaywalk;lest foretell;2026-05-29T11:06:41;2026-05-29T02:35:27;false
2;iridescence unless;tenderly blowgun angle;joyously quick whoa;2026-05-29T12:45:27;2026-05-29T12:56:20;false
3;boo pastel supposing;whoa regularly;off oddly;2026-05-28T19:17:29;2026-05-29T02:26:05;false
4;phooey near;boo the;liquid afford;2026-05-28T21:42:44;2026-05-29T04:57:04;true
5;pace;hawk meaningfully;ligate comb since;2026-05-29T14:13:26;2026-05-29T01:57:57;false
6;aggressive;on stigmatize lively;yippee devil;2026-05-29T02:23:48;2026-05-29T14:56:07;true
7;sentimental passionate with;loyally;honestly why unkempt;2026-05-28T18:15:16;2026-05-29T08:22:34;false
8;anti down dearly;blah hmph jealous;friendly reporter about;2026-05-29T00:17:07;2026-05-29T07:46:25;true
9;shiny geez;though dependent geez;now;2026-05-29T11:40:03;2026-05-28T19:14:12;false
10;shear;bowed;coexist;2026-05-28T21:48:42;2026-05-29T13:04:05;false
11;spiffy ashamed;firm coop;publication;2026-05-29T11:31:21;2026-05-29T17:39:00;true
12;that lumbering babyish;festival;gah aggressive apropos;2026-05-29T05:30:08;2026-05-29T06:08:46;true
13;across irk equally;lively;successfully challenge;2026-05-28T19:43:57;2026-05-28T18:47:12;true
14;willing afore;finger;lost floodlight good;2026-05-29T13:44:35;2026-05-29T07:52:59;false
15;huzzah;while inscribe;overcook drug;2026-05-29T01:30:35;2026-05-29T09:44:29;false
16;even psst;boo;phooey;2026-05-29T05:37:20;2026-05-29T14:14:16;false
17;enroll round;whoa obligation tense;amendment even sup;2026-05-29T11:00:31;2026-05-29T11:38:22;false
18;gazebo far;quietly sheathe often;afterwards;2026-05-29T14:52:25;2026-05-29T07:32:19;true
19;though sew as;upliftingly noisily;who;2026-05-29T02:00:33;2026-05-29T02:47:51;true
20;vivacious behind drive;monster;unblinking depute;2026-05-29T11:00:28;2026-05-29T01:52:19;true
21;singing instead uh-huh;including react where;apropos exasperation;2026-05-29T04:50:33;2026-05-29T05:38:08;true
22;upside-down;slather;clinking snow sharply;2026-05-29T03:47:58;2026-05-29T16:18:51;false
23;chunder;until hmph;seal;2026-05-28T19:10:21;2026-05-29T12:43:22;true
24;meh whoa elliptical;guidance browse;since extremely plumber;2026-05-29T02:19:07;2026-05-29T14:30:25;true
25;optimistically;frightfully;stage now;2026-05-29T09:01:50;2026-05-29T02:43:53;true
26;against gurn pace;reproachfully;mmm ack;2026-05-29T03:46:46;2026-05-29T12:05:52;false
27;newsletter tenant phew;if hence catalyst;jovially;2026-05-29T16:42:46;2026-05-29T04:16:09;false
28;chiffonier although;parody all how;ack;2026-05-29T06:05:12;2026-05-29T00:08:47;false
29;once dearest;astride surprisingly;gee um;2026-05-28T20:39:30;2026-05-28T18:55:19;true
30;aw reprove;avow;wrathful round home;2026-05-29T04:50:37;2026-05-29T09:14:58;false
