id;organization_id;content;author_login;created_at;task_id
1;2529;../fake-data/blob/hipster.txt;madly pish;2026-06-09T14:46:11;1
2;15971;../fake-data/blob/hipster.txt;gah phew phooey;2026-06-09T13:54:48;2
3;11769;../fake-data/blob/hipster.txt;slipper so ick;2026-06-09T09:57:08;3
4;24155;../fake-data/blob/hipster.txt;jealously;2026-06-08T21:52:41;4
5;11733;../fake-data/blob/hipster.txt;dusk neatly row;2026-06-09T16:48:11;5
6;24435;../fake-data/blob/hipster.txt;bleak;2026-06-08T20:54:09;6
7;8459;../fake-data/blob/hipster.txt;accountability tepid;2026-06-09T02:33:55;7
8;14317;../fake-data/blob/hipster.txt;obnoxiously considering;2026-06-08T21:54:02;8
9;26276;../fake-data/blob/hipster.txt;fooey equally tighten;2026-06-08T17:30:47;9
10;781;../fake-data/blob/hipster.txt;junior;2026-06-09T04:44:06;10
11;10096;../fake-data/blob/hipster.txt;bliss;2026-06-08T17:10:03;11
12;20816;../fake-data/blob/hipster.txt;meanwhile sad;2026-06-09T02:15:39;12
13;12176;../fake-data/blob/hipster.txt;arrogantly gee;2026-06-08T22:16:07;13
14;20570;../fake-data/blob/hipster.txt;whether per muted;2026-06-08T23:19:27;14
15;17950;../fake-data/blob/hipster.txt;zowie artistic;2026-06-09T03:09:25;15
16;14826;../fake-data/blob/hipster.txt;faithfully discontinue;2026-06-09T14:30:13;16
17;23828;../fake-data/blob/hipster.txt;graceful traditionalism;2026-06-09T04:50:37;17
18;14862;../fake-data/blob/hipster.txt;honestly hm state;2026-06-09T16:56:30;18
19;22443;../fake-data/blob/hipster.txt;roasted wide-eyed;2026-06-09T13:59:09;19
20;23611;../fake-data/blob/hipster.txt;likewise utilization;2026-06-08T17:37:59;20
21;31254;../fake-data/blob/hipster.txt;onto cheese severe;2026-06-09T08:01:14;21
22;12167;../fake-data/blob/hipster.txt;meander internationalize;2026-06-08T21:16:33;22
23;2188;../fake-data/blob/hipster.txt;voluntarily abscond;2026-06-09T16:11:57;23
24;7063;../fake-data/blob/hipster.txt;calmly oddball service;2026-06-08T19:42:41;24
25;22563;../fake-data/blob/hipster.txt;ownership onto;2026-06-09T13:27:21;25
26;11594;../fake-data/blob/hipster.txt;among calmly pace;2026-06-08T19:12:01;26
27;22875;../fake-data/blob/hipster.txt;um up excess;2026-06-09T05:15:59;27
28;21528;../fake-data/blob/hipster.txt;please yahoo iterate;2026-06-09T16:50:43;28
29;5485;../fake-data/blob/hipster.txt;jogging however;2026-06-09T11:07:08;29
30;18606;../fake-data/blob/hipster.txt;terribly;2026-06-09T11:45:15;30
