id;organization_id;name;description;status;created_by;created_at;updated_at
1;17538;except;../fake-data/blob/hipster.txt;COMPLETED;daily mediocre;2026-06-08T17:34:32;2026-06-09T11:52:41
2;29343;conservation;../fake-data/blob/hipster.txt;COMPLETED;minor;2026-06-08T19:38:54;2026-06-08T20:19:02
3;1328;phony;../fake-data/blob/hipster.txt;ACTIVE;daily if;2026-06-09T03:31:52;2026-06-09T02:30:54
4;13341;afterwards antagonize;../fake-data/blob/hipster.txt;ARCHIVED;hmph modulo;2026-06-09T11:07:45;2026-06-09T08:01:25
5;2305;wobbly relative;../fake-data/blob/hipster.txt;COMPLETED;institute;2026-06-08T23:05:06;2026-06-08T21:00:00
6;19534;pfft second;../fake-data/blob/hipster.txt;ACTIVE;precedent;2026-06-08T20:54:50;2026-06-09T04:45:21
7;1057;on dividend briskly;../fake-data/blob/hipster.txt;ACTIVE;gifted extroverted;2026-06-09T04:22:11;2026-06-09T08:50:05
8;24931;gosh legal;../fake-data/blob/hipster.txt;COMPLETED;mediocre;2026-06-09T16:19:05;2026-06-08T23:00:16
9;5204;perspire venom;../fake-data/blob/hipster.txt;ARCHIVED;what whose yippee;2026-06-08T23:20:08;2026-06-09T14:22:01
10;24191;phooey cautiously;../fake-data/blob/hipster.txt;ARCHIVED;aha allegation;2026-06-08T22:29:43;2026-06-09T04:55:23
11;8704;provided huzzah partial;../fake-data/blob/hipster.txt;ARCHIVED;like;2026-06-09T03:01:42;2026-06-09T02:01:43
12;21025;till next instead;../fake-data/blob/hipster.txt;COMPLETED;flood highly;2026-06-08T20:35:59;2026-06-09T12:06:58
13;4823;ack cautious that;../fake-data/blob/hipster.txt;ACTIVE;wherever toward;2026-06-08T21:44:10;2026-06-09T02:40:19
14;2809;wherever pfft midst;../fake-data/blob/hipster.txt;ARCHIVED;openly;2026-06-09T04:44:05;2026-06-09T00:42:44
15;2809;finally sew;../fake-data/blob/hipster.txt;ACTIVE;chasuble;2026-06-08T17:40:32;2026-06-09T08:38:25
16;23104;ligate;../fake-data/blob/hipster.txt;COMPLETED;geez an meal;2026-06-08T20:13:14;2026-06-09T11:50:04
17;5767;shrill label;../fake-data/blob/hipster.txt;ARCHIVED;however really;2026-06-09T05:45:07;2026-06-09T08:23:42
18;27508;gadzooks dime;../fake-data/blob/hipster.txt;ACTIVE;svelte put;2026-06-09T04:39:37;2026-06-09T05:56:26
19;21503;catalyst after although;../fake-data/blob/hipster.txt;COMPLETED;even;2026-06-09T01:57:06;2026-06-08T22:56:34
20;14806;duh;../fake-data/blob/hipster.txt;COMPLETED;marksman of failing;2026-06-09T14:58:17;2026-06-09T12:18:58
21;25775;creaking expense;../fake-data/blob/hipster.txt;ARCHIVED;filthy coaxingly;2026-06-09T02:54:23;2026-06-09T13:30:54
22;28331;anti table guilt;../fake-data/blob/hipster.txt;COMPLETED;litter faint;2026-06-09T12:50:36;2026-06-08T22:37:07
23;23037;sorrowful astride those;../fake-data/blob/hipster.txt;ARCHIVED;soggy;2026-06-09T11:10:20;2026-06-09T03:10:38
24;8366;deliberately;../fake-data/blob/hipster.txt;COMPLETED;onset ack;2026-06-09T00:49:18;2026-06-08T19:32:11
25;11339;with when gown;../fake-data/blob/hipster.txt;COMPLETED;oh however;2026-06-09T16:21:44;2026-06-09T03:13:24
26;16026;dearly;../fake-data/blob/hipster.txt;ARCHIVED;scuffle mmm;2026-06-09T03:59:39;2026-06-09T13:50:03
27;17425;over clueless anxiously;../fake-data/blob/hipster.txt;COMPLETED;crossly victorious;2026-06-09T15:57:23;2026-06-09T16:32:28
28;27627;than meanwhile;../fake-data/blob/hipster.txt;ARCHIVED;zowie;2026-06-09T14:31:19;2026-06-09T00:48:32
29;20680;log even;../fake-data/blob/hipster.txt;ARCHIVED;knuckle before throughout;2026-06-09T07:41:34;2026-06-09T08:07:15
30;4499;wisecrack;../fake-data/blob/hipster.txt;COMPLETED;hateful;2026-06-08T18:29:04;2026-06-09T05:53:01
